Relevance,Explanation
RELEVANT,"The generated answer directly addresses the question by providing the correct syntax for using the `precision_recall_fscore_support` function in Python, including an example of how to import the function and its parameters."
RELEVANT,"The generated answer directly addresses the question about modifying scripts to avoid pickle errors with waitress. It provides a specific solution involving the placement of the custom column transformer class in a separate module, which is a relevant and practical recommendation for avoiding such errors."
RELEVANT,"The generated answer directly provides the correct command to launch a container image in interactive mode, specifically using 'docker run -it --entrypoint bash <image>', which is exactly what the question asked for."
RELEVANT,"The generated answer directly addresses the question by affirming that it is possible to make a pull request for homework solutions using PyTorch. It also provides additional context about the primary use of Keras but encourages submissions in PyTorch, which is pertinent to the question."
PARTLY_RELEVANT,"The generated answer discusses a specific source of error related to Scikit-Learn version conflicts, which could be relevant to pip version errors if it involves incompatible dependencies. However, it does not directly address the pip version itself or provide a more general overview of potential causes for pip version errors, making it only partially relevant to the question."
RELEVANT,"The generated answer directly addresses the question by providing the correct command to check the Horizontal Pod Autoscaler (HPA) status after editing the metrics-server. The command 'kubectl get hpa' is precisely what is needed, making the answer highly relevant."
RELEVANT,"The generated answer directly addresses the question by providing a method to check the AWS CLI version, which is necessary for ensuring eksctl compatibility. It specifies the required version and includes a command to verify the version, as well as a reference to additional resources for further information."
RELEVANT,"The generated answer directly addresses the question by providing a concrete reason for why different accuracy values can occur, specifically focusing on the method of data splitting. It explains how variations in the train-test split can affect the accuracy measurements, which aligns well with the question asked."
RELEVANT,"The generated answer directly addresses what to do if the REMOTE_URI variable is lost after a session ends, providing a clear and practical solution for resetting the variable, along with an explanation regarding its persistence across sessions."
RELEVANT,The generated answer directly addresses the question by providing a specific location (Kaggle) where the script for generating the Kitchenware Classification Competition dataset can be found. It is relevant as it satisfies the information request related to the dataset script.
RELEVANT,The generated answer directly addresses the question regarding a solution for the TensorFlow Serving error on an Apple M1 Mac by providing a specific alternative (a different Docker image) and detailed instructions on how to implement it. The inclusion of commands and a reference to a GitHub repository for more information further supports its relevance.
RELEVANT,"The generated answer directly addresses the question about resolving the NotSupportedError in section 5 by providing specific steps that can be taken, including downgrading the protobuf package, regenerating Protobuf files, and an alternative workaround. This information is pertinent to the query and offers actionable solutions."
RELEVANT,"The generated answer directly addresses the question by providing the name of the individual (Tzvi Friedman) who added the solution for the specified error in Keras model training, fulfilling the information request."
PARTLY_RELEVANT,"The generated answer provides information about launching a PowerShell terminal and installing Chocolatey itself, which is a prerequisite for installing 'kind' through choco. However, it does not directly address the installation of 'kind' after Chocolatey has been set up, making it only partially relevant to the question."
RELEVANT,"The generated answer provides a clear method to fetch data using the requests library, which directly addresses the question. It includes a code example that demonstrates how to retrieve a dataset from a specified URL and save it locally, fulfilling the request for a practical method for homework data fetching."
RELEVANT,"The generated answer directly addresses the question by confirming that the `mean_squared_error` function can compute RMSE in one step by using the `squared=False` parameter. It also provides a clear example of how to implement this solution, which is highly relevant to the user's inquiry."
RELEVANT,"The generated answer provides direct links to documentation related to Lambda functions, specifically on how they are initialized, which aligns well with the question asked."
RELEVANT,The generated answer directly addresses the question by providing a specific code example for reading data from a GitHub URL using pandas. It clearly explains the process and provides context by indicating that the dataset will be loaded into a pandas dataframe.
PARTLY_RELEVANT,"The generated answer addresses the use of a random seed and its effects on data splitting, which is somewhat relevant to the question about why missing values are in the training dataframe. However, it does not directly explain why specifically missing values consistently end up there when using seed 42, leaving the core inquiry only partially answered."
RELEVANT,"The generated answer directly addresses the question by providing specific instructions on where to find materials related to the user's cohort. It includes relevant links and guides the user to the course page and the cohort folder, making it highly pertinent to the inquiry."
RELEVANT,The generated answer directly addresses the question by providing a clear affirmative response and a relevant link to learn more about the California housing dataset.
RELEVANT,"The generated answer directly addresses the question by accurately identifying Random Forest as a bagging algorithm and XGBoost as a boosting algorithm, which aligns with the inquiry about specific algorithms taught in the course."
RELEVANT,"The generated answer accurately identifies Ella Sahnan as the contributor of the information about using metrics on a series or dataframe in section 4, directly addressing the question asked."
RELEVANT,"The generated answer directly addresses the question by suggesting a specific video that explains the normal form derivation for regression. It accurately matches the topic of the query, which is the derivation process related to regression, making it a relevant suggestion."
RELEVANT,"The generated answer addresses the question directly by confirming that Google Cloud Platform offers free services for an extended period, specifically mentioning microinstances and other services, which aligns well with the inquiry."
RELEVANT,"The generated answer directly addresses the question by providing a specific link to a guide for using Docker in Google Colab, which is exactly what the user is looking for."
RELEVANT,"The generated answer correctly identifies the command from sklearn to import the required function, `mean_squared_error`, which is used in the calculation of RMSE. This directly addresses the question and provides the exact information needed."
PARTLY_RELEVANT,"The generated answer addresses the question regarding the default region and mentions the command `aws configure`, but it fails to explicitly provide an alternative command or clarify what to do when the region is set by default. While it gives some related information, it does not fully answer the question."
RELEVANT,"The generated answer correctly identifies the `std()` function in pandas as the method that computes the standard deviation from a series. It also provides examples of how to use the function with both a pandas Series and a DataFrame column, which directly addresses the question."
RELEVANT,"The generated answer directly addresses the question by providing the specific information requested, which is the default value for the number of workers in the fit function. The answer is clear and accurate."
RELEVANT,"The generated answer directly addresses the issue of loading a Keras model that encounters an optimizer error. It provides a specific solution by suggesting the use of `compile=False` in the `load_model` function, which is appropriate for the problem described in the question."
RELEVANT,"The generated answer directly addresses the question by providing a method to verify evaluation metrics using the scikit-learn library. It lists specific metrics and includes sample code, which is relevant and practical for someone looking to verify their code results."
RELEVANT,"The generated answer directly addresses the question regarding the necessity of regularization techniques in machine learning. It clearly states that regularization is not always needed and elaborates on factors influencing its application, such as dataset size and model complexity, making it highly relevant to the question asked."
RELEVANT,"The generated answer directly addresses the role of `np.sign` in relation to the intersection of precision and recall curves. It explains how `np.sign` is used to identify where the precision and recall values change sign, indicating an intersection, and describes the method to accomplish this using relevant functions like `np.diff` and `np.argwhere`. This demonstrates a clear understanding of the question asked."
RELEVANT,"The generated answer directly addresses the issue of running out of storage after building many Docker images by providing specific steps to remove unused images and prune the system, which are practical solutions to the stated problem."
RELEVANT,"The generated answer accurately addresses the question about the order in which folders are read for determining numeric class labels in TensorFlow's `flow_from_directory`. It specifies that folders are read in alphabetical order and provides a clear example, which supports the correctness of the information provided."
RELEVANT,"The generated answer directly addresses the question by specifying the correct file to modify for Docker's DNS settings (`/etc/docker/daemon.json`) and provides clear instructions on how to change the DNS settings and restart Docker, which is exactly what the question is asking for."
RELEVANT,The generated answer addresses the question by indicating that multiple models are required for the midterm and clarifies that having more than one model is sufficient. This directly relates to the inquiry about the specific number of models needed.
RELEVANT,The generated answer accurately explains why a threshold of 1.0 results in an FPR of 0.0 by detailing the implications of setting the threshold at that level and the behavior of the sigmoid function. It effectively addresses the question and provides the necessary reasoning behind the result.
RELEVANT,"The generated answer directly responds to the question by clearly stating the pandas method `std()` for calculating the standard deviation. It also provides examples of how to use the method with both a Series and a DataFrame, which enhances the relevance and utility of the answer."
RELEVANT,"The generated answer directly addresses the question by explaining why df_train_full is not included in the correlation matrix task. It highlights the importance of using only the training dataset to ensure that the conclusions are drawn without the influence of the validation dataset, which is relevant to the context of the correlation matrix task."
RELEVANT,"The generated answer provides a detailed and accurate step-by-step guide on how to set up a Conda environment, including the commands needed for creation, activation, and exporting the environment. It addresses the question directly and offers additional context regarding the installation of Anaconda or Miniconda, which is relevant for users who may not have them installed."
RELEVANT,"The generated answer provides specific steps to address a ValueError related to feature names in XGBoost, including advice on handling unsupported characters in feature names and an alternative for working with `xgb.DMatrix`. This directly addresses the question and is helpful for someone experiencing this issue."
RELEVANT,"The generated answer directly addresses the question about resolving the 'Cannot connect to the docker daemon' issue on WSL by providing specific troubleshooting steps related to Docker integration with WSL. It includes checking connectivity, adjusting settings in Docker Desktop, and suggests reinstalling Docker, all of which are relevant and actionable recommendations for the issue presented."
RELEVANT,"The generated answer directly addresses the question by stating that completing the midterm project is not mandatory for obtaining the certificate. It also provides additional relevant information about the requirements for earning the certificate, which adds to the clarity of the response."
NON_RELEVANT,"The generated answer does not address the question about the commands to start the Docker daemon on Linux and states that it cannot provide an answer, which is not useful information."
RELEVANT,"The generated answer directly addresses the question about eligibility for certification in relation to missing the midterm project. It provides specific criteria (completing at least 2 out of 3 projects and reviewing peer projects) that indicate how one can still be eligible despite missing the project, making it a clear and relevant response."
PARTLY_RELEVANT,"The generated answer provides a command to install a tool that is related to md5sum, but it actually installs 'md5sha1sum', which is a different utility. Therefore, while it is somewhat relevant to the question about installing md5sum, it does not directly address it and could lead to confusion for the user."
RELEVANT,"The generated answer directly addresses the question by providing a clear and accurate method for transferring files to a Docker container using the `docker cp` command. It includes the syntax and explains its functionality, which is exactly what the question seeks."
PARTLY_RELEVANT,"The generated answer addresses the question by indicating that there is no mention of a YouTube video specifically on Evaluation Metrics for Classification. However, it relates to the topic by discussing methods to obtain classification metrics, which are relevant to the concept of evaluation metrics, even though it doesn't provide the requested video resource."
RELEVANT,"The generated answer directly provides the specific version of the zoomcamp-model image relevant to Module 5 HW Question 6, thus fully addressing the question asked."
RELEVANT,"The generated answer directly addresses the question by stating that FeatureHasher is suitable for categorical features with high cardinality, which is the focus of the inquiry."
RELEVANT,"The generated answer directly addresses the question by outlining a recommended data splitting method that involves splitting the data into training, validation, and test sets. It provides a clear and detailed approach, including specific percentages for the splits and explains the rationale behind the method, thus fully meeting the requirements of the question."
RELEVANT,"The generated answer directly addresses the ValueError encountered when loading weights into a subclassed Model. It provides a specific solution by suggesting to evaluate the model on input data before attempting to load the weights, which is a practical approach to resolve the issue described in the question."
RELEVANT,"The generated answer directly addresses the question about why the AUC values change when re-running the DecisionTreeClassifier. It explains the influence of randomness in the algorithm and provides a solution for achieving consistent results by setting a random seed, which is pertinent information for the user."
RELEVANT,"The generated answer directly addresses the f-string error mentioned in the question by providing specific reasons related to the misuse of parentheses instead of curly braces, which is a common mistake in f-string syntax. It also offers an example to clarify the correct usage, making the answer pertinent to the user's inquiry about machine learning model deployment."
PARTLY_RELEVANT,"The generated answer suggests a command to execute if restarting Docker and the terminal fails, which is somewhat relevant to addressing the metadata loading error. However, it does not provide a comprehensive procedure to follow after the failure, lacking steps or guidance beyond the single command."
RELEVANT,"The generated answer directly addresses the question by stating there is no difference in the skills taught in the current iteration compared to 2021, which indicates that it is relevant to the inquiry about potential differences."
PARTLY_RELEVANT,"The generated answer addresses the concept of library version discrepancies and their potential impact on homework answers but does not specifically mention any required python library versions. It states that the FAQ does not specify any specific versions, which directly relates to the question but doesn't fully answer it."
RELEVANT,The generated answer directly addresses the issue of 'wget is not recognized as an internal or external command' by suggesting two valid methods to resolve it: installing wget using Chocolatey or downloading the binary and adding it to the PATH. This provides clear and actionable steps for the user.
RELEVANT,The generated answer directly addresses the question about who provided a solution for the XGBoostError by naming George Chizhmak and explaining the solution of installing sklearn. This information is directly relevant to the query.
RELEVANT,The generated answer directly addresses the question about the error message related to importing the 'sklearn' module. It correctly identifies the issue of specifying the module name as 'sklearn' instead of 'scikit-learn' and provides a solution by suggesting the modification needed in the 'bentofile.yaml' file. This information is pertinent and directly related to resolving the issue presented in the question.
RELEVANT,"The generated answer directly addresses the question by confirming that default values cannot be used for all fields except Access Key ID and Secret Access Key, and it clarifies which fields can be left with defaults. This directly aligns with the inquiry regarding AWS configuration defaults."
RELEVANT,The generated answer directly addresses the question about handling memory allocation errors in AWS ECS by providing a specific solution: increasing the RAM and CPU in the task definition. This aligns well with the context of the question.
RELEVANT,"The generated answer directly addresses the question regarding the meaning of a negative accuracy difference when removing a feature in Q5. It correctly states that such a difference indicates an improvement in the model's performance, which is the core focus of the question."
RELEVANT,"The generated answer directly addresses the steps taken by Ángel de Vicente to fix the protobuf issue in session 10.3, detailing the creation of a virtual environment and the specific command used to install the necessary package versions. This information is pertinent and answers the question fully."
RELEVANT,"The generated answer provides a clear, step-by-step guide on how to set up CUDA and cuDNN on Ubuntu 22.04, including links to necessary resources and additional setup instructions for TensorFlow, which is directly related to the question asked."
PARTLY_RELEVANT,"The generated answer provides a direction to refer to 'TODO' instructions, which is somewhat helpful. However, it lacks specific details on what those tasks are or how to initiate them, making it only partially relevant to the actual question."
RELEVANT,"The generated answer directly addresses the question by specifying that the course solutions from the 2021 iteration should be checked for using AUC, which matches the inquiry about which year's course solutions to refer to."
PARTLY_RELEVANT,"The generated answer acknowledges that an error occurs on the server side when using gunicorn, but it fails to provide the specific error message requested in the question. Consequently, while it partially addresses the topic, it does not fully satisfy the requirement of the question for a specific error message."
RELEVANT,"The generated answer directly addresses the question by explaining the recommendation to use DictVectorizer or get_dummies after data splitting. It accurately describes the reason for this practice, focusing on avoiding data leakage and maintaining the integrity of the model evaluation process."
RELEVANT,"The generated answer directly addresses the question by specifying that Manuel Alejandro Aponte added the solution to the NameError issue in the FAQ section, providing a clear and accurate response."
RELEVANT,"The generated answer directly addresses the question by stating who mentioned Yellowbrick for classification reports, which is exactly what the question is asking."
RELEVANT,"The generated answer directly addresses the issue of the 'kind' command not being recognized by providing steps to resolve the error, including renaming the file and ensuring it is in the PATH. These actions are relevant and practical solutions to the problem stated in the question."
RELEVANT,"The generated answer directly addresses the issue of 'kind' not being recognized as a command on Windows. It provides specific steps on how to resolve the problem, including renaming the executable and ensuring the folder is added to the system's PATH, which are all pertinent actions to take after installation."
RELEVANT,"The generated answer accurately addresses the question about visualizing feature importance in scikit-learn by providing two clear methods: using a Features Importance graph and creating a horizontal bar chart. It includes a relevant link for further reading, as well as detailed code examples, making it a comprehensive and useful response."
PARTLY_RELEVANT,"The generated answer provides a suggestion for renaming a file by replacing a dash with an underscore, which is a relevant action. However, it does not address the specific context of 'waitress-serve', which may have particular naming conventions or requirements that the answer does not clarify."
RELEVANT,"The generated answer provides clear and accurate commands to display the size of a specific Docker image, directly addressing the question. It explains how to use the `docker image ls` and `docker images` commands with the proper formatting to obtain the desired information."
RELEVANT,"The generated answer accurately explains the KFold function in terms of `n_splits`, `shuffle`, and `random_state`. It details how these parameters contribute to the functionality of KFold, including the creation of training and validation pairs and the importance of shuffling and reproducibility, which are directly related to the question asked."
RELEVANT,"The generated answer provides a clear method for loading a dataset directly into Kaggle Notebooks using the wget command. It correctly includes the specific command needed and explains the necessity of the '!' character, which is essential for executing shell commands in Kaggle. Additionally, it provides a follow-up command to read the dataset into a pandas DataFrame, which is useful and relevant information for the user."
RELEVANT,"The generated answer directly addresses the question by providing a clear mathematical explanation on how to calculate the probability of class 0 using the probability of class 1. It effectively conveys the relationship between the two probabilities, which is precisely what the question is asking for."
PARTLY_RELEVANT,"The generated answer provides information about how to ask questions related to a course and mentions a platform (Slack) and office hours for question submission. However, it does not specifically address what 'questions' might refer to in the context, making it partially relevant rather than fully relevant."
RELEVANT,"The generated answer directly addresses the question about posting the same content on multiple social sites to earn points for homework. It confirms that this is possible and provides specific information about how points can be earned, which is pertinent to the inquiry."
RELEVANT,"The generated answer directly addresses the question by explaining the reason for the error related to the 'kind' command and provides a solution involving renaming the executable and updating the PATH, which aligns well with the user's issue."
RELEVANT,"The generated answer explains why mutual information score cannot directly use continuous variables, detailing the need for conversion to categorical forms and the challenges associated with binning. It directly addresses the question posed and provides relevant context."
PARTLY_RELEVANT,"The generated answer mentions the `keras.models.Sequential()` function, which is related to model building in Keras and could imply passing parameters. However, it does not explicitly address the method for passing multiple parameters as requested in the question. Thus, while it is somewhat relevant, it lacks specific clarity on the recommended method for passing multiple parameters."
RELEVANT,"The generated answer provides a clear explanation of how to handle categorical features before using Ridge Regression, specifically mentioning the importance of transforming them into a numerical format through one-hot encoding. It also highlights the need to combine encoded features with numerical ones, which directly addresses the question asked."
RELEVANT,"The generated answer directly addresses the use of DictVectorizer by highlighting an important setting to ensure, specifically regarding the method used for feature names. This is pertinent information that helps prevent potential issues when utilizing DictVectorizer."
RELEVANT,The generated answer directly addresses the question about installing pip on WSL by providing the correct command needed to perform the installation. It is accurate and directly applicable to the query.
RELEVANT,"The generated answer directly addresses the question by specifying that the categorical variable 'ocean_proximity' should be used alongside the binarized price for calculating mutual information, which aligns with the query."
RELEVANT,"The generated answer directly addresses the question by providing the name of the person who offered the solution for the AWS configuration issue in video 9.6, which is exactly what the question is asking for."
RELEVANT,"The generated answer directly addresses the issue of 'pipenv' not being recognized as an internal or external command. It provides specific steps to troubleshoot the problem by adjusting the PATH variable, which is a relevant solution for a user facing this issue on Windows. The information is precise and actionable, making it highly relevant to the question."
PARTLY_RELEVANT,"The generated answer provides information on how to add notes to the Community Notes section by creating a GitHub repository and forking an original course repository. However, it does not explicitly mention the steps to directly add notes to the Community Notes section itself, making it partly relevant but lacking specific guidance related to the question."
RELEVANT,The generated answer directly addresses the question by identifying Larkin Andrii as the individual who provided the answer regarding the recommended practice for using DictVectorizer or get_dummies.
RELEVANT,"The generated answer provides a direct solution on how to use the `mean_squared_error` function to calculate RMSE in Python, which directly addresses the user's question about finding details on this function. It also includes a code snippet and a reference link for further reading, making it a comprehensive and relevant response."
RELEVANT,"The generated answer directly addresses the question by providing clear, step-by-step instructions on how to push an initial commit to GitHub. It includes specific Git commands and offers a helpful error message solution, which enhances the relevance and utility of the information."
RELEVANT,"The generated answer directly addresses the question by confirming that the course is available in a self-paced mode and providing additional context on how it works, which is precisely what the question seeks."
PARTLY_RELEVANT,"The generated answer provides a specific number of workers (2560) and mentions that the default value is 1, which aligns with the question. However, the suggested number is unusually high and may not be practical or supported by Colab's infrastructure. A more nuanced answer discussing recommended ranges based on GPU memory limits or considerations specific to T4 would enhance relevance."
PARTLY_RELEVANT,"The generated answer addresses the question about CPU and memory values in HW10 Q6, indicating that they are specified and should not be considered arbitrary. However, the answer could have been clearer by explicitly stating that the values are not arbitrary rather than implying that they need to be chosen according to the task requirements. This partial ambiguity affects the relevance of the answer."
RELEVANT,The generated answer directly addresses the question regarding the type of error that occurs when running the specific command 'eb local run --port 9696' by identifying the error as a NotSupportedError and providing the relevant error message. This directly responds to the user's query about the expected error.
RELEVANT,"The generated answer directly addresses the question about avoiding the 'manifest unknown' error by suggesting the use of the correct Docker image tag. It provides a specific example, which enhances its relevance and helpfulness."
RELEVANT,The generated answer directly addresses the question by providing specific resources (links to documentation) that help in understanding Lambda container images in-depth.
NON_RELEVANT,"The generated answer does not directly address the issue described in the question, which involves the inability to import a function in the context of Decision Trees and Ensemble Learning. Instead, it provides a generic solution for importing a function from a file, which is unrelated to the specific context of the problem mentioned."
RELEVANT,"The generated answer directly addresses the question by providing a specific URL where instructions for installing Docker on MacOS can be found. Additionally, it includes helpful advice about checking the type of chip, which is relevant information for the installation process."
RELEVANT,"The generated answer directly addresses the question by explaining how to specify files to be copied in a Dockerfile, using the COPY instruction with an appropriate example. It provides the correct syntax and includes additional useful information about using double quotes, making it highly relevant to the question asked."
RELEVANT,"The generated answer accurately describes the purpose and functionality of the command sns.histplot(df['median_house_value'], kde=False), explicitly mentioning the creation of a histogram and the effect of the kde parameter, thereby directly addressing the question."
RELEVANT,"The generated answer directly addresses the question by stating the built-in function in 'nvidia-smi' for running it repeatedly, specifically providing the correct command format and an example of its usage."
RELEVANT,"The generated answer clearly explains the purpose of using a seed value when splitting data for training and validation. It emphasizes the importance of consistency and reproducibility in the data splitting process, which directly addresses the question."
RELEVANT,"The generated answer directly addresses the question by outlining specific workarounds for the issue related to newer versions of protobuf in session 10.3. The suggested actions are clear and relevant to the query, making the answer highly pertinent."
RELEVANT,"The generated answer directly addresses the question by providing a specific step—restarting the Jupyter notebook after installing new packages—to ensure that imports work correctly. This answer is pertinent to the question asked, making it relevant."
RELEVANT,"The generated answer directly addresses the question by explaining how to check the column information and memory usage of a pandas DataFrame using the `info()` method. It provides a clear description of what the method does and includes an example of how to use it, making it highly relevant to the query."
RELEVANT,"The generated answer directly addresses the question by explaining why transforming the target variable to a logarithmic distribution is important, particularly in the context of handling skewed data and stabilizing variance. It provides specific reasons and considerations, making it a comprehensive and relevant response."
RELEVANT,"The generated answer directly addresses the role of the seed value in reproducing results in TensorFlow by explaining how it ensures consistent results and detailing the specific commands involved. It provides a clear and accurate description of the concept, making it relevant to the question."
PARTLY_RELEVANT,"The generated answer suggests upgrading 'nbconvert', which may help in some cases, but it doesn't directly address the specific error related to 'contextfilter' from 'jinja2', nor does it provide a clear resolution or troubleshooting steps specific to that error."
RELEVANT,"The generated answer directly addresses the question by providing methods to identify high correlation between features, specifically by mentioning the creation of a correlation matrix and visualizing correlations with a heatmap. The provided code snippets are appropriate and useful for the context, making the answer highly relevant to the inquiry."
RELEVANT,The generated answer directly addresses the question by stating that the name of the Dockerfile should be 'Dockerfile' and providing additional helpful information about the implications of using a different name or extension.
RELEVANT,"The generated answer directly responds to the question by identifying Visual Studio Code (VS Code) as a recommended IDE for machine learning, along with specific reasons for its suitability, such as support for Jupyter Notebooks and integrated Git. This makes it a relevant and informative response."
RELEVANT,"The generated answer accurately addresses the question by explaining why linear regression does not provide a perfect fit, mentioning the concept of overfitting and the limitations of linear models in capturing complex relationships in the data."
RELEVANT,"The generated answer directly addresses the question by providing an alternative command (`!dir`) for Windows Jupyter Notebook, which serves a similar function to `!ls -lh` in Unix-based systems. This makes the answer relevant to the inquiry."
RELEVANT,The generated answer directly addresses the issue of model accuracy dropping to 0.5 after augmentation by providing a specific action to check (the 'rescale' option in ImageDataGenerator). This is pertinent information for troubleshooting the accuracy problem mentioned in the question.
RELEVANT,"The generated answer directly addresses the question by confirming that it is recommended to rewatch the video on the ROC curve. It also provides additional context about the importance of the concept, which supports the suggestion to rewatch the video."
RELEVANT,"The generated answer directly addresses the question by providing the correct method to create a deep copy of a dataframe. It specifies that the method `X.copy()` should be used and explains the effect of this method, confirming that changes to the copy will not affect the original dataframe."
RELEVANT,The generated answer provides a clear set of steps to resolve the specific error message related to `python_version` and `python_full_version` when using `pipenv install`. It directly addresses the user's question and offers actionable instructions to fix the issue.
PARTLY_RELEVANT,"The generated answer touches on the concept of unequal areas in a long tail distribution by mentioning the influence of high-value observations and the differences among mean, median, and mode. However, it does not explicitly explain why one side has a different area compared to the other in terms of the distribution shape or specific statistical concepts associated with long tail distributions, which makes it partially relevant rather than fully so."
RELEVANT,"The generated answer directly addresses the question by explaining why the error is occurring due to the data containing only one class (0). It offers specific details about the churn column, provides an example of how the error arises from the code, and suggests a solution to include both classes in the dataset, which is precisely what the user is looking for."
RELEVANT,"The generated answer directly addresses the question by providing a specific amount of time (around 10 hours per week) that students of the previous cohort spent on the course, which is exactly what the question asks for."
RELEVANT,"The generated answer directly addresses the question about resolving an error related to scipy while using ImageDataGenerator by providing specific actionable steps, making it highly relevant to the issue presented."
RELEVANT,"The generated answer provides a clear example of using the COPY command in a Dockerfile, which directly addresses the question. It explains the command's functionality and provides context about the syntax, making it a comprehensive and relevant response."
RELEVANT,"The generated answer directly addresses the meaning of '500m' in Kubernetes CPU limits, clearly explaining that it represents 500 milliCPUs, equivalent to 0.5 CPU core. It further elaborates on the significance of 'm' for granularity in resource specification, making the answer both informative and pertinent to the question."
RELEVANT,"The generated answer provides a clear and correct example of how to use curl to download a file on macOS, including the command syntax and a specific URL. It adequately addresses the question asked."
RELEVANT,"The generated answer directly addresses the question about handling `fillna()` in regression by emphasizing the importance of filling missing values before splitting the dataset. It also mentions avoiding data leakage and suggests methods for managing missing values effectively, which are crucial considerations in regression analysis."
RELEVANT,The generated answer provides clear and direct instructions for debugging a Docker container by explaining how to launch a container in interactive mode and how to access a running container. These steps are highly relevant to the question asked.
RELEVANT,"The generated answer directly addresses the question by providing a specific link to detailed instructions on configuring the environment on a Mac with an M1 chip, which is exactly what the user is seeking."
RELEVANT,"The generated answer directly addresses the question by confirming that the AWS Serverless Framework can indeed help in deploying a Flask application on AWS Lambda. It provides specific steps to accomplish this, including creating a Docker image, pushing it to AWS ECR, and using API Gateway, which adds valuable context and guidance for users interested in the implementation."
RELEVANT,"The generated answer directly addresses the question by identifying that np.log1p() is most useful for target variable distributions with a long tail, such as prices. This is an accurate and relevant response to the question asked."
RELEVANT,"The generated answer directly addresses the question by providing specific sections where a guide to installing CUDA and cuDNN can be found. It mentions both general installation instructions and specific guides for Ubuntu and TensorFlow, which are relevant to the user's query."
RELEVANT,"The generated answer provides a direct solution to the question regarding the deprecation of `get_feature_names` by recommending the appropriate alternative method `get_feature_names_out()`. It also offers an example of how to implement this change, which is pertinent and useful for someone dealing with this specific deprecation in machine learning for classification."
RELEVANT,"The generated answer provides the correct syntax for copying files in a Dockerfile, which directly addresses the question asked. It also includes a useful note about using double quotes around the filenames, adding to its relevance."
RELEVANT,"The generated answer provides clear and practical solutions to the issue stated in the question regarding Pipfile and Pipfile.lock dependencies not being correctly updated. Each suggested step directly addresses possible troubleshooting methods, making the answer highly relevant to the question asked."
NON_RELEVANT,"The generated answer does not address the question 'question1' in any meaningful way. It provides specific information about posts related to a midterm project but fails to connect with the question itself, which remains unclear without additional context."
RELEVANT,"The generated answer directly addresses the question by providing information about where to find details on the 'workers' parameter in 'model.fit()' as well as additional context about its usage, making it highly relevant."
RELEVANT,"The generated answer directly addresses the question about how to shuffle a complete dataset using pandas. It provides the correct method (`pandas.DataFrame.sample`), along with appropriate code examples and explanations of the parameters used, which fully satisfies the inquiry."
RELEVANT,"The generated answer directly addresses the question by explaining why accuracy might differ from the homework options, focusing on data splitting methods and the potential impact on results. It also suggests using a consistent method to minimize discrepancies, which is relevant advice for the user's concern."
RELEVANT,"The generated answer directly addresses the question by providing clear steps on how to configure the console to push Docker images to Google Container Registry, including installation of the Google Cloud SDK and the necessary command to authenticate Docker with Google Cloud."
RELEVANT,"The generated answer provides a clear and accurate step-by-step method for calculating the RMSE score, including the necessary code examples and explanations of the process. It directly addresses the question by detailing how to compute the RMSE using both manual and built-in methods."
RELEVANT,"The generated answer directly addresses the question by providing a specific action to take (creating a personal access token) in response to the discontinuation of password authentication for GitHub. It also offers a helpful resource for further information, making it highly relevant to the user's query."
RELEVANT,"The generated answer directly addresses the question by providing a specific source for instructions on installing TensorFlow GPU on Ubuntu. It also includes important additional information regarding the installation of CUDA and cuDNN, which are necessary for GPU support, making it highly relevant to the user's query."
RELEVANT,"The generated answer accurately describes the role of `y_true` in calculating the AUC score with sklearn, explaining its significance as the actual target values and its function in the `roc_auc_score` calculation. It directly addresses the question asked, making the information pertinent and useful."
RELEVANT,"The generated answer directly addresses the question by explaining how Quinn Avila resolved the issue of Jupyter notebook not recognizing a newly installed package. It provides specific details about the steps taken, including restarting the notebook and the command used to install the package, which are both relevant to the solution of the problem presented in the question."
RELEVANT,"The generated answer directly addresses the modification made to the median_house_value target by explaining that it was changed to a binary format, indicating a specific alteration and the reasoning behind this change. This information is pertinent to the question asked."
